{"cameraMode":{"drawMode":0,"name":"Shaded","section":"Shading Mode"},"sceneLighting":false,"audioPlay":false,"sceneViewState":{"showFog":true,"showMaterialUpdate":false,"showSkybox":true,"showFlares":true,"showImageEffects":true,"showParticleSystems":true},"in2DMode":false,"pivot":{"x":580.5369262695313,"y":263.4175109863281,"z":-9.31802749633789},"rotation":{"x":-0.20065535604953767,"y":-0.26511067152023318,"z":0.05650639161467552,"w":-0.9414142966270447},"size":693.6627197265625,"orthographic":true}