{"cameraMode":{"drawMode":0,"name":"Shaded","section":"Shading Mode"},"sceneLighting":true,"audioPlay":false,"sceneViewState":{"showFog":false,"showMaterialUpdate":false,"showSkybox":false,"showFlares":false,"showImageEffects":false,"showParticleSystems":false},"in2DMode":false,"pivot":{"x":2.513399839401245,"y":2.8963210582733156,"z":-5.8680644035339359},"rotation":{"x":-0.035962678492069247,"y":-0.0404621846973896,"z":0.0014575397362932563,"w":-0.9985326528549194},"size":6.714116096496582,"orthographic":true}