{"cameraMode":{"drawMode":0,"name":"Shaded","section":"Shading Mode"},"sceneLighting":true,"audioPlay":false,"sceneViewState":{"showFog":true,"showMaterialUpdate":false,"showSkybox":true,"showFlares":true,"showImageEffects":true,"showParticleSystems":true},"in2DMode":false,"pivot":{"x":24.25148582458496,"y":-3.919340133666992,"z":7.693475246429443},"rotation":{"x":-0.10662252455949784,"y":-0.4337673485279083,"z":0.051780153065919879,"w":-0.8931993246078491},"size":16.10023307800293,"orthographic":false}